Type,Name,Request Count,Failure Count,Median Response Time,Average Response Time,Min Response Time,Max Response Time,Average Content Size,Requests/s,Failures/s,50%,66%,75%,80%,90%,95%,98%,99%,99.9%,99.99%,100%
POST,adminuserservice,10,0,2600.0,2157.612977316603,325.5319818854332,3704.090332146734,297.0,0.5562618770676615,0.0,2600,2700,2700,3200,3700,3700,3700,3700,3700,3700,3700
GET,assuranceservice,7,0,860.0,662.4254751285272,13.684388948604465,1409.954644041136,108.0,0.38938331394736303,0.0,860,980,1300,1300,1400,1400,1400,1400,1400,1400,1400
GET,contactsservice,7,0,2700.0,2309.1200676281005,1268.7360648997128,2802.9054708313197,38.0,0.38938331394736303,0.0,2700,2700,2700,2700,2800,2800,2800,2800,2800,2800,2800
POST,contactsservice,7,0,510.0,514.7799541841129,468.4571991674602,568.9574659336358,290.0,0.38938331394736303,0.0,510,530,550,550,570,570,570,570,570,570,570
GET,foodservice,7,0,3880.6498060002923,2863.2494735065848,643.3619449380785,3880.6498060002923,1090.0,0.38938331394736303,0.0,3900,3900,3900,3900,3900,3900,3900,3900,3900,3900,3900
POST,travelservice,18,0,1100.0,3358.500262942269,246.5663170441985,11519.380141980946,300.55555555555554,1.0012713787217906,0.0,1700,3600,5000,6700,11000,12000,12000,12000,12000,12000,12000
GET,uidashboard,31,0,4,16.625147748498186,2.1236641332507133,52.51146201044321,19723.0,1.7244118189097506,0.0,4,8,39,42,43,51,53,53,53,53,53
POST,userservice,20,0,870.0,897.0782784745097,215.18404292874038,1380.3748590871692,324.3,1.112523754135323,0.0,980,1300,1400,1400,1400,1400,1400,1400,1400,1400,1400
,Aggregated,107,0,550.0,1354.5149948500166,2.1236641332507133,11519.380141980946,5952.906542056075,5.952002084623977,0.0,550,1300,1400,2600,3700,4200,9400,11000,12000,12000,12000
